,0: High Slot,1: High Exertion,2: Transition/Glide,3: Puck Possession,4: Perimeter/Floater,5: Deep Crease
0: High Slot,72.46590073009224,6.644405455883186,8.308336634784084,2.6685154790876675,1.4375459844926142,8.475295715660195
1: High Exertion,5.793163527752427,39.20600680328549,38.03202522193645,3.9969302248402885,12.727121878370532,0.2447523438148179
2: Transition/Glide,3.8825587654764044,21.082675399246366,66.1425623542078,3.426116992643101,5.464965009869012,0.001121478557329984
3: Puck Possession,5.65396060649001,12.462802890746778,25.18775683718294,53.70554059798781,1.58707666147088,1.4028624061215813
4: Perimeter/Floater,1.3147235145707474,14.075411429761822,9.966900446728237,0.6758789898849616,73.95782700275444,0.009258616299793996
5: Deep Crease,32.74038461538461,1.2860576923076923,0.02403846153846154,2.96875,0.06009615384615385,62.92067307692307
